{"cameraMode":{"drawMode":0,"name":"Shaded","section":"Shading Mode"},"sceneLighting":true,"audioPlay":false,"sceneViewState":{"showFog":true,"showMaterialUpdate":false,"showSkybox":true,"showFlares":true,"showImageEffects":true,"showParticleSystems":true},"in2DMode":false,"pivot":{"x":-42.196868896484378,"y":-25.1446533203125,"z":64.55625915527344},"rotation":{"x":0.24900630116462708,"y":-0.25350654125213625,"z":0.06770871579647064,"w":0.9322839975357056},"size":95.03793334960938,"orthographic":false}